date,time,co2_flux,h2o_flux,wind_speed,wind_dir,turbulence,air_temp_k,air_temp_c,air_pressure,ET,humidity_percent,specific_humidity,co2_mixing_ratio,co2_mole_fraction,air_density
21/2/2025,12:00,-0.278711364,3.61504,0.430155,174.245,0.253335,295.486,22.336,101859,0.234254,29.6959,4.89E-03,514.031,510,1.19737
21/2/2025,13:00,-1.372663636,2.71808,1.01474,332.546,0.242067,298.902,25.752,101744,0.176132,25.7186,5.21E-03,516.814,512.5,1.18213
21/2/2025,13:30,-0.273304545,7.00759,1.61079,315.974,0.238816,299.808,26.658,101705,0.454092,24.9615,5.34E-03,524.182,519.701,1.17801
21/2/2025,14:30,-1.151747727,2.21089,0.782804,152.405,0.263815,301.554,28.404,101609,0.143265,23.5882,5.59E-03,526.944,522.225,1.1699
21/2/2025,15:00,-2.267697727,-7.86E-02,1.27272,52.7233,0.210147,302.371,29.221,101558,-5.09E-03,21.8348,5.43E-03,534.888,530.236,1.16627
21/2/2025,15:30,-0.481404545,6.36612,0.644632,110.313,0.208651,302.646,29.496,101514,0.412525,21.9686,5.55E-03,539.517,534.719,1.16463
21/2/2025,17:30,-0.948068182,2.52519,1.05261,81.0336,0.258268,304.46,31.31,101374,0.163632,19.6139,5.51E-03,548.373,543.537,1.15612
21/2/2025,18:30,1.106777273,5.75312,1.7838,103.153,0.227191,304.088,30.938,101346,0.372802,21.153,5.82E-03,494.132,489.529,1.157
21/2/2025,20:00,-0.625061364,2.76944,0.78871,124.752,0.103732,301.655,28.505,101320,0.17946,25.0689,5.99E-03,497.825,493.045,1.1659
21/2/2025,21:00,0.425477273,3.08391,0.411555,178.75,9.89E-02,298.923,25.773,101367,0.199837,32.4638,6.61E-03,555.971,550.085,1.17666
21/2/2025,21:30,-0.547343182,0.721008,0.360594,125.859,8.07E-02,298.48,25.33,101395,4.67E-02,33.512,6.65E-03,556.727,550.802,1.17872
21/2/2025,22:00,0.337418182,0.550853,2.30E-02,100.029,5.07E-02,296.226,23.076,101415,3.57E-02,46.0071,7.98E-03,572.288,564.984,1.18696
21/2/2025,22:30,-1.209247727,2.37119,0.551678,159.23,0.141204,296.013,22.863,101430,0.153653,39.6347,6.78E-03,557.66,551.608,1.18885
21/2/2025,23:30,0.501922727,0.728173,0.315048,20.9468,5.84E-02,294.121,20.971,101399,4.72E-02,47.5528,7.25E-03,557.529,551.059,1.19579
22/2/2025,0:30,0.469504545,1.64089,0.239648,42.2274,5.56E-02,291.389,18.239,101377,0.10633,57.7405,7.43E-03,584.401,577.45,1.20661
22/2/2025,2:00,-0.080778409,0.687883,0.287408,51.5759,5.50E-02,290.285,17.135,101347,4.46E-02,59.1666,7.11E-03,601.226,594.389,1.21108
22/2/2025,2:30,0.659438636,-0.114512,0.235858,44.7878,3.96E-02,290.239,17.089,101333,-7.42E-03,59.1263,7.08E-03,599.139,592.349,1.21112
22/2/2025,4:00,0.319447727,0.304313,0.262312,44.013,5.41E-02,289.703,16.553,101289,1.97E-02,60.3034,6.98E-03,607.949,601.154,1.2129
22/2/2025,4:30,0.183360227,0.646225,0.156262,101.689,2.11E-02,289.59,16.44,101280,4.19E-02,61.6987,7.09E-03,613.16,606.198,1.21319
22/2/2025,5:00,0.019616727,0.572272,0.366167,51.9044,5.20E-02,289.283,16.133,101281,3.71E-02,62.7932,7.08E-03,606.427,599.555,1.21451
22/2/2025,5:30,-0.459636364,0.588519,0.211077,71.9212,5.13E-02,288.852,15.702,101280,3.81E-02,61.8405,6.78E-03,618.619,611.903,1.21652
22/2/2025,6:00,0.349890909,3.56E-02,0.379867,32.9068,5.44E-02,288.686,15.536,101285,2.31E-03,63.8404,6.93E-03,618.588,611.728,1.21717
22/2/2025,6:30,0.163091136,0.231584,0.162137,81.4411,5.91E-02,288.599,15.449,101280,1.50E-02,63.7598,6.88E-03,629.316,622.385,1.21752
22/2/2025,7:00,0.690236364,1.2413,0.215485,55.4176,4.70E-02,288.45,15.3,101291,8.04E-02,64.5741,6.90E-03,623.794,616.903,1.21826
22/2/2025,7:30,-0.406231818,0.906736,0.260505,52.0806,3.69E-02,288.359,15.209,101299,5.88E-02,61.938,6.58E-03,614.002,607.535,1.21898
22/2/2025,8:00,-0.083430455,0.398912,0.116581,78.8756,2.20E-02,289.126,15.976,101302,2.58E-02,60.7087,6.77E-03,604.792,598.234,1.21564
22/2/2025,9:00,-0.822288636,4.05098,3.7289,12.7389,0.330451,299.588,26.438,101269,0.262503,28.9349,6.14E-03,534.194,528.945,1.17326
22/2/2025,10:00,1.394809091,0.107007,5.08348,7.79157,0.347793,302.093,28.943,101268,6.93E-03,25.1986,6.18E-03,521.74,516.573,1.16349
22/2/2025,10:30,2.124875,0.389875,5.03714,1.96271,0.353323,302.919,29.769,101241,2.53E-02,24.4144,6.29E-03,534.046,528.67,1.15993
22/2/2025,11:30,-3.916704545,11.495,5.1752,0.64039,0.383651,303.772,30.622,101201,0.744878,23.9692,6.48E-03,532.429,526.901,1.15607
22/2/2025,12:30,2.167795455,-0.912482,4.36072,356.877,0.357499,304.579,31.429,101124,-5.91E-02,24.7876,7.03E-03,493.926,488.37,1.15175
22/2/2025,13:00,1.608188636,4.3089,4.07057,358.415,0.365999,305.334,32.184,101070,0.279217,24.1539,7.15E-03,476.902,471.443,1.14821
22/2/2025,14:00,0.716952273,3.31849,4.65654,0.177324,0.398417,306.793,33.643,100946,0.215038,21.4997,6.92E-03,519.083,513.336,1.14151
22/2/2025,14:30,0.809402273,3.00947,4.85624,359.349,0.411455,307.233,34.083,100900,0.195014,20.7236,6.84E-03,529.453,523.659,1.13941
22/2/2025,15:00,1.023611364,9.50105,4.95292,12.455,0.315196,307.315,34.165,100872,0.615668,20.6254,6.84E-03,539.473,533.569,1.13879
22/2/2025,15:30,1.405393182,1.10248,4.43689,357.74,0.310889,307.549,34.399,100831,7.14E-02,21.3746,7.18E-03,512.949,507.053,1.13722
22/2/2025,16:30,-1.345470455,6.71078,4.2555,359.522,0.329481,308.557,35.407,100742,0.434859,20.4596,7.28E-03,486.757,481.09,1.13245
22/2/2025,17:00,-0.362922727,13.3227,4.79686,6.60823,0.315156,308.438,35.288,100704,0.863308,20.6175,7.29E-03,486.364,480.692,1.13244
22/2/2025,17:30,1.513536364,6.45851,4.21932,2.65349,0.34595,308.274,35.124,100678,0.418511,19.5916,6.86E-03,519.472,513.767,1.13305
22/2/2025,18:00,-0.50085,8.01741,4.07046,8.06303,0.287976,308.227,35.077,100654,0.519528,19.302,6.74E-03,542.926,537.065,1.13304
22/2/2025,18:30,2.193890909,5.03376,4.28442,11.3463,0.30935,307.568,34.418,100639,0.326188,20.0478,6.75E-03,547.269,541.352,1.13528
22/2/2025,19:00,0.303336364,5.77591,2.55448,0.523573,0.192249,305.912,32.762,100633,0.374279,25.6113,7.87E-03,541.404,534.586,1.14058
22/2/2025,19:30,-0.115776136,-0.395647,2.88411,14.2299,0.214925,307.126,33.976,100595,-2.56E-02,21.9142,7.21E-03,542.925,536.661,1.13611
22/2/2025,20:00,-1.67155,5.98692,3.24464,15.3538,0.205714,306.815,33.665,100584,0.387952,20.8894,6.75E-03,543.093,537.222,1.13744
22/2/2025,20:30,-0.851956818,1.0776,1.96261,30.9926,0.143367,305.449,32.299,100592,6.98E-02,23.6592,7.08E-03,546.025,539.834,1.1424
22/2/2025,21:00,1.128288636,2.7384,2.67446,23.5791,0.179074,305.045,31.895,100580,0.177448,24.3558,7.13E-03,540.247,534.082,1.14374
22/2/2025,22:30,-0.201828636,4.52356,3.7633,16.1686,0.298027,304.575,31.425,100593,0.293127,23.3081,6.64E-03,538.58,532.854,1.14599
22/2/2025,23:00,2.013315909,5.93479,3.54019,13.12,0.266395,304.025,30.875,100569,0.384574,24.0369,6.64E-03,536.585,530.882,1.1478
23/2/2025,0:30,-1.733363636,10.3994,4.88906,12.5954,0.337239,303.912,30.762,100454,0.673882,23.3775,6.42E-03,539.356,533.81,1.14706
23/2/2025,2:30,-1.997156818,4.88626,6.11368,3.12491,0.458394,304.173,31.023,100437,0.316629,21.7656,6.07E-03,534.363,529.17,1.14612
23/2/2025,3:00,-2.625727273,7.29086,4.30483,343.135,0.425679,304.037,30.887,100537,0.472447,21.8861,6.05E-03,535.662,530.472,1.1478
23/2/2025,4:30,2.849227273,6.6048,6.89841,3.53623,0.501407,302.54,29.39,100455,0.427991,24.6874,6.27E-03,525.964,520.685,1.15238
23/2/2025,5:00,1.460188636,9.14E-02,6.62956,359.406,0.476681,301.994,28.844,100440,5.93E-03,26.1479,6.43E-03,531.878,526.398,1.15417
23/2/2025,5:30,-0.635225,0.899876,7.18362,4.90621,0.504862,301.483,28.333,100443,5.83E-02,27.4408,6.56E-03,525.217,519.705,1.15608
23/2/2025,6:00,0.577736364,-0.435807,7.63064,3.12529,0.574142,300.775,27.625,100444,-2.82E-02,29.434,6.75E-03,531.483,525.741,1.15868
23/2/2025,6:30,-3.810204545,-3.82441,6.66007,6.56597,0.483681,300.333,27.183,100468,-0.247821,30.1408,6.73E-03,522.966,517.329,1.16066
23/2/2025,7:00,-0.495852273,5.717,6.06779,359.838,0.467485,299.983,26.833,100545,0.370461,31.7363,6.94E-03,522.247,516.445,1.16277
23/2/2025,7:30,-0.680434091,5.77722,5.62705,1.73264,0.426648,299.158,26.008,100617,0.374364,34.9567,7.28E-03,519.799,513.745,1.16658
23/2/2025,8:00,-2.529522727,-0.359172,2.91734,324.775,0.430412,298.901,25.751,100685,-2.33E-02,36.3128,7.44E-03,520.321,514.125,1.16825
23/2/2025,8:30,-1.567327273,-3.11897,3.89328,340.713,0.387532,298.851,25.701,100667,-0.202109,37.3923,7.64E-03,523.082,516.686,1.16809
23/2/2025,9:00,2.476545455,-0.980545,4.44979,349.393,0.402795,299.226,26.076,100638,-6.35E-02,36.3398,7.60E-03,522.739,516.385,1.16632
23/2/2025,9:30,2.001861364,3.93,4.33462,349.468,0.370161,299.494,26.344,100641,0.254664,36.5227,7.76E-03,526.974,520.435,1.1652
23/2/2025,10:00,-0.301079545,2.21825,3.92022,347.217,0.345474,300.052,26.902,100653,0.143742,35.4822,7.79E-03,524.742,518.205,1.16315
23/2/2025,11:00,0.35685,2.45094,4.77216,342.767,0.496651,302.289,29.139,100686,0.158821,30.5278,7.63E-03,521.6,515.234,1.15504
23/2/2025,11:30,0.944529545,4.98722,4.66935,335.282,0.593732,303.152,30.002,100688,0.323172,28.7071,7.54E-03,529.761,523.372,1.15183
23/2/2025,12:00,0.357,3.86017,4.81471,325.101,0.561893,303.39,30.24,100686,0.250139,27.5328,7.33E-03,527.947,521.756,1.15106
23/2/2025,12:30,1.225161364,12.5681,4.2596,331.691,0.55282,302.751,29.601,100669,0.814413,29.1498,7.48E-03,531.548,525.185,1.15318
23/2/2025,13:00,-2.112497727,-0.918707,2.80333,304.935,0.510962,302.334,29.184,100655,-5.95E-02,31.1359,7.80E-03,536.715,530.014,1.15439
23/2/2025,13:30,-0.411354545,-1.73929,2.76372,227.642,0.422316,300.166,27.016,100645,-0.112706,33.6963,7.44E-03,529.048,522.747,1.16286
23/2/2025,14:30,-1.084293182,-0.530623,1.62977,215.432,0.266967,297.272,24.122,100736,-3.44E-02,49.9357,9.29E-03,518.381,510.682,1.17393
23/2/2025,15:00,-2.473068182,0.234694,0.9216,152.638,0.220939,296.807,23.657,100790,1.52E-02,52.9907,9.59E-03,520.384,512.412,1.17619
23/2/2025,15:30,-0.417854545,2.24336,1.16079,159.946,0.267554,296.993,23.843,100836,0.145369,48.0912,8.79E-03,516.102,508.85,1.17656
23/2/2025,16:00,0.794652273,1.47274,1.67938,156.395,0.347638,297.852,24.702,100830,9.54E-02,41.333,7.95E-03,514.786,508.24,1.1737
23/2/2025,16:30,1.653172727,2.87306,1.98437,121.96,0.334531,297.815,24.665,100842,0.186174,36.2873,6.96E-03,513,507.286,1.17468
23/2/2025,17:00,0.614920455,4.00759,1.82239,122.935,0.338649,298.007,24.857,100864,0.259692,32.2383,6.25E-03,512.1,506.976,1.17469
23/2/2025,18:00,1.519825,-1.6586,1.5141,136.643,0.333018,298.27,25.12,100880,-0.107477,29.3148,5.77E-03,513.54,508.794,1.17417
23/2/2025,18:30,-0.294681818,1.6039,1.68234,139.244,0.342283,297.99,24.84,100902,0.103932,28.6188,5.54E-03,515.015,510.446,1.17569
23/2/2025,19:00,3.167568182,-2.70E-02,1.93671,127.379,0.32704,297.597,24.447,100929,-1.75E-03,28.2868,5.34E-03,516.526,512.104,1.1777
23/2/2025,19:30,0.590179545,8.13559,1.92189,151.612,0.419514,295.836,22.686,100993,0.527186,35.9123,6.10E-03,516.271,511.227,1.18492
23/2/2025,20:00,0.071852955,0.328097,1.98402,148.89,0.432652,294.425,21.275,101058,2.13E-02,41.5581,6.48E-03,513.327,508.005,1.19109
23/2/2025,20:30,-2.304818182,0.130683,1.59521,135.357,0.322212,293.415,20.265,101150,8.47E-03,45.5383,6.66E-03,514.476,508.989,1.19615
23/2/2025,21:00,1.601684091,1.58548,1.05402,130.796,0.185386,292.693,19.543,101219,0.102739,49.1934,6.88E-03,508.739,503.137,1.19976
23/2/2025,21:30,-0.675665909,3.22121,0.97421,121.014,0.13835,292.358,19.208,101291,0.208734,49.586,6.79E-03,510.982,505.432,1.20206
23/2/2025,22:00,0.013166386,0.269991,0.598012,105.153,0.136316,291.975,18.825,101351,1.75E-02,50.6797,6.77E-03,513.206,507.647,1.20436
23/2/2025,23:00,0.624445455,2.11935,0.38108,335.698,8.01E-02,290.572,17.422,101406,0.137334,57.0428,6.97E-03,524.301,518.451,1.21068
23/2/2025,23:30,-0.238170455,2.08712,0.57293,25.6858,6.26E-02,290.014,16.864,101429,0.135246,59.5157,7.02E-03,525.247,519.346,1.21326
24/2/2025,0:30,-0.790961364,-0.314457,0.544839,349.92,6.69E-02,289.337,16.187,101443,-2.04E-02,63.858,7.21E-03,527.643,521.552,1.21612
24/2/2025,1:00,0.909965909,1.28523,0.524551,37.4864,7.18E-02,289.103,15.953,101445,8.33E-02,64.2654,7.15E-03,534.747,528.627,1.21718
24/2/2025,1:30,-0.579315909,1.50299,0.867975,4.78073,9.06E-02,288.911,15.761,101446,9.74E-02,64.2866,7.07E-03,536.047,529.984,1.21805
24/2/2025,2:00,1.084429545,0.757083,0.375543,333.431,9.06E-02,288.514,15.364,101446,4.91E-02,64.1804,6.88E-03,531.72,525.867,1.21987
24/2/2025,2:30,0.174227955,0.521202,0.553868,5.64489,0.101896,288.064,14.914,101450,3.38E-02,63.3973,6.60E-03,534.103,528.462,1.22203
24/2/2025,3:00,-0.577420455,0.663334,0.501408,8.20548,7.28E-02,287.58,14.43,101440,4.30E-02,64.4821,6.50E-03,540.646,535.016,1.22404
24/2/2025,3:30,1.225897727,1.62447,0.700331,14.6713,6.30E-02,287.274,14.124,101448,0.105266,64.27,6.35E-03,548.721,543.138,1.22555
24/2/2025,6:30,-0.160190682,-0.193544,0.623169,29.1558,5.93E-02,286.16,13.01,101525,-1.25E-02,61.9973,5.69E-03,562.88,557.746,1.23175
24/2/2025,7:30,0.333770455,2.48155,0.555771,32.9094,6.61E-02,285.902,12.752,101617,0.160804,61.9455,5.59E-03,567.968,562.883,1.23406
24/2/2025,8:00,0.101115227,0.183825,0.7361,27.325,5.51E-02,286.006,12.856,101650,1.19E-02,61.1831,5.56E-03,566.421,561.379,1.23403
24/2/2025,8:30,0.138918636,0.632684,0.652014,62.4312,0.102439,287.258,14.108,101684,4.10E-02,60.6673,5.98E-03,555.287,549.971,1.22875
24/2/2025,9:30,-0.371031818,0.73397,0.801431,15.5334,5.44E-02,290.092,16.942,101760,4.76E-02,56.6943,6.70E-03,531.67,525.97,1.21712
24/2/2025,10:30,-0.771068182,0.617304,0.933867,226.132,0.144901,291.029,17.879,101839,4.00E-02,50.6036,6.34E-03,519.096,513.83,1.21441
24/2/2025,11:00,0.719809091,2.01974,0.785734,263.125,9.60E-02,291.388,18.238,101867,0.130879,49.8521,6.38E-03,511.558,506.33,1.21321
24/2/2025,11:30,0.736029545,2.01989,1.38498,214.299,0.225456,291.584,18.434,101890,0.130889,49.4903,6.41E-03,513.589,508.316,1.21265
24/2/2025,13:00,3.429272727,1.74539,2.03284,234.494,0.289048,294.13,20.98,101877,0.113101,38.0816,5.78E-03,513.913,509.157,1.20247
24/2/2025,13:30,1.943711364,9.23809,1.84883,236.296,0.271883,294.553,21.403,101874,0.598628,37.1471,5.78E-03,515.218,510.444,1.20069
24/2/2025,14:30,-0.792806818,2.92585,1.8413,242.408,0.262982,294.848,21.698,101887,0.189595,36.5345,5.79E-03,516.693,511.9,1.19964
24/2/2025,15:00,3.421818182,6.30218,1.84126,219.6,0.238001,294.763,21.613,101871,0.408382,37.2383,5.87E-03,517.108,512.243,1.19974
24/2/2025,15:30,-2.820727273,2.43788,1.42161,176.558,0.306501,294.589,21.439,101845,0.157975,38.7696,6.05E-03,518.147,513.124,1.20001
24/2/2025,16:00,-2.263634091,2.23338,1.55744,202.95,0.276494,294.923,21.773,101832,0.144723,36.838,5.87E-03,515.146,510.302,1.19863
24/2/2025,16:30,1.485929545,1.03283,1.50851,198.422,0.311146,295.013,21.863,101818,6.69E-02,35.0444,5.62E-03,514.492,509.865,1.19829
24/2/2025,17:00,0.676429545,0.5515,1.31958,194.943,0.270644,295.189,22.039,101824,3.57E-02,34.3718,5.57E-03,512.664,508.092,1.19768
24/2/2025,17:30,1.561870455,0.918109,1.80989,171.85,0.406929,295.303,22.153,101853,5.95E-02,34.7617,5.67E-03,515.203,510.526,1.19748
24/2/2025,18:00,0.178902955,2.74258,1.96783,164.955,0.455305,295.055,21.905,101877,0.177719,34.3829,5.52E-03,515.327,510.771,1.19889
24/2/2025,18:30,2.6655,7.23366,2.09074,172.8,0.447635,294.366,21.216,101910,0.468741,36.8001,5.66E-03,515.341,510.667,1.20197
24/2/2025,19:00,-1.275331818,3.44658,1.99547,171.807,0.44713,293.874,20.724,101955,0.223338,38.2198,5.70E-03,515.556,510.846,1.20448
24/2/2025,20:00,1.2045,3.31606,1.65235,176.279,0.369159,292.477,19.327,102022,0.214881,42.1556,5.77E-03,519.36,514.563,1.21099
24/2/2025,20:30,-1.475175,-0.51213,1.35244,171.817,0.351662,291.745,18.595,102061,-3.32E-02,45.0263,5.88E-03,517.509,512.633,1.21441
24/2/2025,21:00,0.468895455,1.4855,1.07734,168.659,0.262713,291.225,18.075,102088,9.63E-02,45.2177,5.72E-03,508.89,504.231,1.21701
24/2/2025,22:00,-2.524068182,1.08359,0.70223,160.965,0.186904,290.45,17.3,102154,7.02E-02,47.3666,5.70E-03,510.526,505.866,1.22107
24/2/2025,23:30,0.296327273,0.216841,0.587627,113.534,0.100272,289.354,16.204,102169,1.41E-02,51.0101,5.72E-03,524.628,519.819,1.22585
25/2/2025,0:00,0.510711364,-0.286474,0.641605,131.852,0.130428,288.974,15.824,102162,-1.86E-02,52.4963,5.75E-03,522.912,518.097,1.22736
25/2/2025,0:30,1.391497727,0.910305,0.771389,139.923,0.158249,288.648,15.498,102162,5.90E-02,53.4262,5.73E-03,524.453,519.64,1.22876
25/2/2025,1:00,0.936225,1.12596,0.845627,153.598,0.19821,288.704,15.554,102147,7.30E-02,53.8025,5.79E-03,524.818,519.95,1.2283
25/2/2025,1:30,-0.756772727,0.50174,0.693449,151.68,0.154839,288.396,15.246,102136,3.25E-02,54.1481,5.72E-03,526.256,521.438,1.22954
25/2/2025,2:00,-0.459434091,0.703479,0.436263,135.875,0.100759,287.941,14.791,102122,4.56E-02,55.3703,5.68E-03,528.043,523.241,1.23134
25/2/2025,2:30,0.666104545,1.14347,0.164947,150.095,7.29E-02,287.205,14.055,102121,7.41E-02,58.4223,5.71E-03,536.422,531.516,1.23445
25/2/2025,3:30,0.498620455,1.35907,0.516148,148.397,0.127289,288.065,14.915,102106,8.81E-02,55.3523,5.72E-03,526.54,521.714,1.23059
25/2/2025,4:00,-0.809956818,-1.82741,0.888731,125.054,0.145523,288.525,15.375,102095,-0.118416,52.1775,5.55E-03,522.447,517.798,1.22861
25/2/2025,4:30,0.699134091,0.537666,1.19043,117.636,0.144479,288.746,15.596,102081,3.48E-02,49.9999,5.40E-03,519.996,515.499,1.22762
25/2/2025,6:30,-1.085881818,1.48374,0.468558,123.244,9.18E-02,286.866,13.716,102117,9.61E-02,57.0434,5.45E-03,537.654,532.956,1.23606
25/2/2025,7:30,0.920131818,0.741517,0.3013,43.6393,6.59E-02,285.951,12.801,102156,4.81E-02,59.1677,5.33E-03,547.703,543.029,1.24059
25/2/2025,8:30,-1.39455,-1.77166,1.07289,117.681,0.197093,288.814,15.664,102188,-0.114804,49.7596,5.39E-03,523.198,518.679,1.22863
25/2/2025,9:00,-1.606697727,0.641938,1.53971,118.724,0.213083,289.354,16.204,102188,4.16E-02,47.6634,5.34E-03,521.242,516.778,1.22636
25/2/2025,9:30,-4.223568182,-1.33304,1.52673,103.896,0.261524,289.927,16.777,102197,-8.64E-02,46.497,5.41E-03,521.913,517.391,1.224
25/2/2025,10:00,0.493163636,-4.41527,1.91883,117.543,0.335421,290.6,17.45,102184,-0.286109,44.5668,5.41E-03,517.136,512.654,1.22101
25/2/2025,10:30,-0.134424545,1.0754,2.22392,113.645,0.303423,291.15,18,102171,6.97E-02,42.5533,5.35E-03,515.411,510.995,1.2186
25/2/2025,11:30,-1.691327273,0.492347,1.68042,125.242,0.309851,292.85,19.7,102144,3.19E-02,39.5859,5.53E-03,526.336,521.669,1.21106
25/2/2025,19:00,-0.444354545,3.2478,1.85718,181.717,0.381782,296.735,23.585,101623,0.210457,40.7811,7.27E-03,520.024,513.97,1.18786
25/2/2025,19:30,-0.759620455,-4.64777,1.24836,174.143,0.288517,296.036,22.886,101633,-0.301176,43.0063,7.35E-03,522.926,516.772,1.19072
25/2/2025,20:00,-0.360015909,1.35634,1.52188,156.861,0.362023,294.441,21.291,101630,8.79E-02,47.5689,7.38E-03,523.976,517.787,1.19712
25/2/2025,20:30,0.409493182,2.33493,1.02193,155.832,0.255492,293.265,20.115,101635,0.151303,51.1006,7.38E-03,520.782,514.636,1.20198
25/2/2025,21:00,-0.353404545,1.85566,0.534554,136.302,0.152198,292.642,19.492,101627,0.120247,53.9616,7.49E-03,527.013,520.693,1.20436
25/2/2025,21:30,0.103252727,1.39893,0.50298,55.4183,3.78E-02,291.815,18.665,101615,9.07E-02,57.6784,7.61E-03,537.435,530.892,1.20755
25/2/2025,22:00,0.857584091,1.58285,0.686004,56.9809,8.11E-02,290.873,17.723,101611,0.102569,57.9194,7.20E-03,535.737,529.563,1.21171
25/2/2025,23:00,0.522388636,-1.85666,0.539567,24.1975,6.35E-02,289.497,16.347,101607,-0.120312,64.0881,7.30E-03,551.462,545.017,1.21735
26/2/2025,11:30,3.985954545,3.81698,3.85362,346.506,0.347708,302.284,29.134,101265,0.247341,26.8634,6.67E-03,521.158,515.594,1.16237
26/2/2025,12:30,-1.269011364,0.279065,2.88907,334.348,0.355915,304.052,30.902,101193,1.81E-02,23.0263,6.33E-03,530.799,525.419,1.15502
26/2/2025,13:00,-0.559870455,6.0389,1.75137,305.75,0.304936,305.202,32.052,101180,0.39132,18.0744,5.30E-03,534.358,529.82,1.15124
26/2/2025,13:30,-2.659068182,2.76908,1.47911,292.317,0.267761,305.859,32.709,101166,0.179436,15.2185,4.63E-03,537.269,533.282,1.14908
26/2/2025,14:00,-1.029440909,5.08842,1.41778,295.451,0.25699,306.359,33.209,101145,0.329729,15.0272,4.70E-03,537.775,533.721,1.14692
26/2/2025,14:30,-1.342572727,1.81546,1.49146,290.183,0.230564,306.646,33.496,101128,0.117642,15.0991,4.80E-03,538.528,534.383,1.14558
26/2/2025,15:30,2.715227273,2.54777,2.43079,214.765,0.363267,307.352,34.202,101031,0.165095,12.7297,4.21E-03,544.38,540.702,1.14226
26/2/2025,16:00,0.287188636,1.78919,2.09306,227.035,0.300654,307.492,34.342,101002,0.11594,12.4638,4.16E-03,544.359,540.729,1.14145
26/2/2025,16:30,-0.330643182,0.442268,2.20483,220.076,0.313851,307.292,34.142,100991,2.87E-02,12.4779,4.12E-03,542.99,539.404,1.1421
26/2/2025,17:00,-1.797865909,4.24211,1.66816,212.305,0.365285,306.218,33.068,100989,0.274889,13.5844,4.22E-03,541.945,538.275,1.14601
26/2/2025,17:30,2.962704545,-0.100233,2.61642,154.578,0.585249,300.025,26.875,101076,-6.50E-03,24.0929,5.25E-03,537.821,533.298,1.16995
26/2/2025,18:30,1.004704545,4.19987,1.7393,151.738,0.388805,297.392,24.242,101182,0.272152,31.2215,5.81E-03,528.473,523.552,1.18113
26/2/2025,19:00,0.613954545,0.752138,1.79442,146.897,0.386639,297.201,24.051,101240,4.87E-02,31.4603,5.79E-03,528.408,523.51,1.18259
26/2/2025,20:00,2.534386364,-0.847777,1.53091,129,0.290368,295.745,22.595,101343,-5.49E-02,39.2673,6.61E-03,525.958,520.39,1.18903
26/2/2025,20:30,1.223934091,-0.724301,1.43917,117.494,0.195785,294.664,21.514,101409,-4.69E-02,42.3715,6.68E-03,528.364,522.717,1.19412
26/2/2025,21:00,0.159754318,1.71675,1.15626,129.638,0.224771,294.026,20.876,101451,0.111245,44.7839,6.78E-03,527.508,521.779,1.19713
26/2/2025,21:30,0.178277727,4.93232,1.02403,146.169,0.217692,293.648,20.498,101485,0.319614,45.8863,6.79E-03,529.009,523.26,1.19907
26/2/2025,22:00,1.447518182,1.63307,0.816422,166.528,0.210858,293.256,20.106,101529,0.105823,51.1694,7.39E-03,526.022,519.803,1.20075
26/2/2025,22:30,-0.382161364,0.841125,0.639493,170.011,0.18483,292.72,19.57,101537,5.45E-02,57.008,7.97E-03,505.214,498.777,1.20263
27/2/2025,0:00,-0.175369773,-0.842048,0.362717,170.584,0.121359,291.367,18.217,101529,-5.46E-02,61.6553,7.92E-03,513.767,507.261,1.20816
27/2/2025,0:30,0.569863636,0.84718,0.205176,207.895,7.04E-02,290.837,17.687,101529,5.49E-02,64.1894,7.97E-03,520.086,513.454,1.21032
27/2/2025,2:30,1.143352273,0.490396,0.454991,348.773,8.22E-02,289.117,15.967,101503,3.18E-02,65.9756,7.35E-03,536.714,530.405,1.21767
27/2/2025,4:30,-0.412706818,1.06522,0.243256,346.146,5.52E-02,289.846,16.696,101413,6.90E-02,64.5745,7.54E-03,531.233,524.825,1.21338
27/2/2025,5:00,-0.216370455,1.05839,0.411156,320.98,6.53E-02,290.048,16.898,101398,6.86E-02,63.2761,7.48E-03,544.914,538.389,1.2124
27/2/2025,6:30,-0.422125,1.12833,0.58727,117.048,0.106116,290.648,17.498,101400,7.31E-02,60.6539,7.45E-03,481.195,475.459,1.20995
27/2/2025,7:00,-0.311756818,0.89983,0.212335,86.1152,6.10E-02,290.951,17.801,101422,5.83E-02,60.5341,7.58E-03,475.683,469.916,1.20886
27/2/2025,7:30,0.489147727,-4.15E-02,0.297784,110.435,6.78E-02,290.985,17.835,101421,-2.69E-03,59.836,7.51E-03,469.531,463.891,1.20875
27/2/2025,8:00,-0.337697727,1.70597,0.421151,75.5803,7.95E-02,291.236,18.086,101423,0.110547,58.0082,7.39E-03,470.284,464.721,1.20783
27/2/2025,8:30,-0.616015909,1.53975,0.483291,154.304,0.137233,291.593,18.443,101454,9.98E-02,55.9591,7.29E-03,477.569,471.998,1.20678
27/2/2025,10:00,-1.131325,1.06985,0.885274,115.62,0.21097,292.37,19.22,101449,6.93E-02,50.6569,6.93E-03,478.224,472.922,1.20378
27/2/2025,10:30,-1.236434091,1.32852,0.992652,107.981,0.208129,292.943,19.793,101442,8.61E-02,48.0901,6.81E-03,476.904,471.702,1.20142
27/2/2025,11:30,-0.913052273,0.493767,1.21063,165.529,0.294538,293.582,20.432,101416,3.20E-02,46.2997,6.83E-03,508.148,502.595,1.19849
27/2/2025,12:00,1.872134091,-3.13273,1.29217,149.414,0.282653,294.174,21.024,101367,-0.203001,44.6793,6.84E-03,513.973,508.349,1.1955
27/2/2025,12:30,3.061068182,-1.47938,0.891542,131.426,0.202571,294.778,21.628,101326,-9.59E-02,42.1794,6.70E-03,523.827,518.209,1.19266
27/2/2025,14:00,-0.911236364,-2.02231,0.752321,31.7999,0.186923,297.27,24.12,101161,-0.131046,35.0147,6.48E-03,525.613,520.163,1.1809
27/2/2025,15:00,0.241959091,2.05246,0.380582,183.804,0.197822,298.968,25.818,101063,0.132999,31.3616,6.42E-03,528.047,522.615,1.17309
27/2/2025,17:00,-0.775904545,5.00373,2.16953,229.554,0.294492,299.857,26.707,100914,0.324242,39.6676,8.59E-03,501.365,494.48,1.16636
27/2/2025,18:00,-0.561670455,-0.452848,2.06953,159.822,0.469458,298.56,25.41,100877,-2.93E-02,41.647,8.35E-03,515.052,508.172,1.17116
27/2/2025,19:00,0.832584091,1.47933,1.6063,171.26,0.384966,295.971,22.821,100903,9.59E-02,49.3203,8.47E-03,496.872,490.144,1.18163
28/2/2025,14:00,1.819622727,8.26E-02,2.09495,228.695,0.282821,297.031,23.881,101129,5.35E-03,36.1905,6.60E-03,514.575,509.137,1.18139
1/3/2025,21:30,-0.984697727,2.35056,0.955026,134.802,0.214717,291.803,18.653,101189,0.152316,48.2883,6.39E-03,514.958,509.691,1.20342
1/3/2025,22:00,-1.694593182,0.104377,0.883674,151.989,0.213556,291.612,18.462,101236,6.76E-03,48.5584,6.34E-03,522.731,517.422,1.2048
1/3/2025,22:30,0.156771818,1.52398,0.578415,135.825,0.147428,291.359,18.209,101257,9.88E-02,48.6129,6.25E-03,521.937,516.714,1.20617
1/3/2025,23:00,-0.194225909,1.02028,0.397757,65.6302,7.13E-02,290.647,17.497,101254,6.61E-02,52.8412,6.50E-03,517.796,512.411,1.20891
1/3/2025,23:30,0.975447727,0.900507,0.133793,312.035,6.72E-02,289.692,16.542,101239,5.84E-02,58.2443,6.74E-03,527.245,521.555,1.21253
2/3/2025,0:30,0.368172727,-0.251846,0.28868,55.1802,5.89E-02,288.372,15.222,101242,-1.63E-02,61.3014,6.52E-03,533.094,527.529,1.21828
2/3/2025,1:00,0.610806818,-1.95E-02,0.532532,28.1232,6.51E-02,287.953,14.803,101221,-1.26E-03,62.377,6.46E-03,528.846,523.377,1.21984
2/3/2025,3:30,0.490875,0.770834,0.370883,348.772,0.104434,286.902,13.752,101121,5.00E-02,62.0589,6.01E-03,542.439,537.22,1.22345
2/3/2025,4:00,0.771327273,0.332688,0.364793,22.2717,7.78E-02,287.227,14.077,101133,2.16E-02,61.7186,6.10E-03,531.179,525.988,1.22213
2/3/2025,7:00,0.251902273,3.06E-02,0.503346,46.9697,5.21E-02,286.847,13.697,101182,1.98E-03,65.2091,6.29E-03,482.858,477.996,1.2242
2/3/2025,7:30,0.696893182,0.569928,0.328045,355.083,7.43E-02,286.918,13.768,101207,3.69E-02,64.7412,6.27E-03,501.654,496.618,1.22422
2/3/2025,8:00,-0.386272727,1.18456,0.479295,36.8603,5.82E-02,286.935,13.785,101254,7.68E-02,64.7564,6.28E-03,499.432,494.414,1.22471
2/3/2025,8:30,-0.231465909,0.658758,0.342302,29.7873,6.63E-02,288.804,15.654,101298,4.27E-02,60.1515,6.57E-03,484.197,479.1,1.21709
2/3/2025,9:00,0.148982727,0.544078,0.368069,6.2643,8.61E-02,290.066,16.916,101325,3.53E-02,56.1561,6.65E-03,470.085,465.08,1.21206
2/3/2025,9:30,-0.545388636,1.11368,0.580023,162.08,0.122801,291.562,18.412,101353,7.22E-02,52.5499,6.84E-03,457.771,452.761,1.20605
2/3/2025,10:00,-0.556172727,-2.66897,1.12233,188.914,0.252098,292.268,19.118,101372,-0.172949,52.5131,7.14E-03,449.38,444.244,1.20314
2/3/2025,10:30,-0.638640909,4.98984,1.68039,189.075,0.339109,292.241,19.091,101403,0.323342,53.2435,7.23E-03,440.536,435.441,1.20354
2/3/2025,11:00,0.674997727,-1.63961,1.86151,165.977,0.43964,291.913,18.763,101438,-0.106247,54.6942,7.27E-03,452.134,446.873,1.20528
2/3/2025,11:30,-0.300436364,1.18936,1.84517,155.008,0.44138,292.13,18.98,101488,7.71E-02,53.3173,7.18E-03,446.195,441.068,1.20506
2/3/2025,12:00,0.065861591,-2.39991,1.70641,153.327,0.426794,292.505,19.355,101495,-0.155514,52.2844,7.21E-03,443.771,438.652,1.20357
2/3/2025,13:00,-0.896322727,6.96228,1.88764,153.203,0.406188,289.978,16.828,101528,0.451156,65.9701,7.76E-03,440.664,435.194,1.21404
2/3/2025,13:30,-0.439506818,0.643157,2.04015,154.106,0.484055,291.383,18.233,101494,4.17E-02,58.8629,7.57E-03,451.483,446.017,1.20793
2/3/2025,14:00,-2.490454545,3.70408,2.15158,158.067,0.489616,291.286,18.136,101504,0.240024,55.8062,7.13E-03,470.322,464.957,1.20878
2/3/2025,15:00,-0.415488636,0.546089,1.84318,157.135,0.440155,293.064,19.914,101486,3.54E-02,43.4412,6.20E-03,476.754,472.023,1.2019
2/3/2025,15:30,1.931718182,-1.00509,2.1638,165.993,0.513271,292.836,19.686,101482,-6.51E-02,44.2816,6.23E-03,461.09,456.491,1.20277
2/3/2025,16:00,-1.457922727,0.480129,1.88714,164.353,0.471264,292.811,19.661,101483,3.11E-02,42.8283,6.01E-03,466.552,462.059,1.20303
2/3/2025,16:30,-1.284054545,-1.29486,1.96609,162.416,0.477745,292.917,19.767,101497,-8.39E-02,39.6537,5.60E-03,459.402,455.279,1.20307
2/3/2025,17:00,1.518270455,2.33227,2.2362,174.343,0.52963,292.947,19.797,101510,0.151131,38.3359,5.43E-03,457.303,453.329,1.20323
2/3/2025,17:30,-2.088529545,-1.42377,2.1703,173.382,0.534651,292.696,19.546,101537,-9.23E-02,39.364,5.48E-03,461.213,457.161,1.20453
2/3/2025,18:00,-1.058702273,3.83945,2.27676,174.796,0.524101,292.344,19.194,101556,0.248797,40.8095,5.56E-03,470.03,465.843,1.20615
2/3/2025,18:30,-0.498513636,3.77599,2.09633,172.285,0.492597,292.06,18.91,101569,0.244684,40.5347,5.43E-03,487.936,483.695,1.20759
2/3/2025,19:00,0.582638636,-0.739169,2.12786,179.338,0.504973,291.936,18.786,101580,-4.79E-02,41.6302,5.53E-03,494.042,489.667,1.20815
2/3/2025,19:30,0.419620455,1.98493,1.88521,168.54,0.44416,291.471,18.321,101611,0.128624,40.9859,5.28E-03,483.087,478.997,1.21063
2/3/2025,20:00,-0.506584091,1.56481,1.50521,164.154,0.370485,290.941,17.791,101630,0.1014,42.2617,5.27E-03,477.901,473.867,1.21308
2/3/2025,20:30,-0.470688636,0.620229,1.18678,170.759,0.31012,290.462,17.312,101672,4.02E-02,41.8051,5.05E-03,468.39,464.597,1.21574
2/3/2025,22:00,0.12772,1.18001,0.982925,129.262,0.1825,288.931,15.781,101741,7.65E-02,41.5099,4.55E-03,465.688,462.293,1.22337
2/3/2025,22:30,0.440756818,1.31191,0.644519,158.565,0.173185,288.566,15.416,101788,8.50E-02,43.9563,4.70E-03,474.688,471.11,1.22537
2/3/2025,23:00,-0.559031818,0.808927,0.489553,157.159,0.136127,288.019,14.869,101807,5.24E-02,46.0299,4.75E-03,477.504,473.865,1.2279
2/3/2025,23:30,-0.242363636,0.754675,0.427666,130.584,0.112226,287.399,14.249,101780,4.89E-02,47.2619,4.69E-03,483.029,479.397,1.23026
3/3/2025,1:30,0.065110909,0.873988,0.153569,182.752,4.79E-02,285.071,11.921,101778,5.66E-02,58.8998,5.02E-03,514.893,510.749,1.24004
3/3/2025,2:00,-0.232752273,0.883557,0.151888,169.69,3.90E-02,284.275,11.125,101738,5.73E-02,61.5454,4.98E-03,504.064,500.041,1.24305
3/3/2025,2:30,0.652879545,1.56764,0.178867,154.806,7.46E-02,283.748,10.598,101715,0.101583,62.6185,4.89E-03,508.779,504.789,1.24514
3/3/2025,5:00,0.649772727,2.01016,0.474872,351.73,9.60E-02,282.273,9.123,101668,0.130258,62.6615,4.44E-03,527.739,523.986,1.25142
3/3/2025,9:30,-1.225138636,0.264491,1.24276,136.95,0.255167,289.579,16.429,101856,1.71E-02,46.2561,5.28E-03,461.151,457.25,1.22147
3/3/2025,10:00,-0.363836364,2.79823,1.3468,146.512,0.287221,290.5,17.35,101868,0.181325,43.8834,5.31E-03,448.153,444.341,1.21773
3/3/2025,10:30,0.013016114,5.12121,1.50789,171.244,0.361303,290.716,17.566,101867,0.331854,43.8235,5.37E-03,447.998,444.14,1.21677
3/3/2025,11:00,0.623765909,1.29097,1.31888,162.457,0.320605,291.047,17.897,101868,8.37E-02,41.9008,5.25E-03,449.554,445.775,1.21548
3/3/2025,11:30,0.79805,1.72636,1.57001,178.9,0.33376,291.479,18.329,101863,0.111868,41.2371,5.31E-03,451.76,447.919,1.21358
3/3/2025,12:00,-0.274306818,0.532413,1.4821,160.525,0.358255,292.344,19.194,101857,3.45E-02,38.2481,5.20E-03,452.105,448.341,1.21
3/3/2025,12:30,-0.306704545,0.965603,1.72762,159.12,0.387152,292.904,19.754,101851,6.26E-02,36.8259,5.18E-03,456.312,452.525,1.20763
3/3/2025,13:00,-0.529531818,-0.659448,1.73367,162.396,0.430435,293.411,20.261,101847,-4.27E-02,36.3414,5.27E-03,459.165,455.284,1.20542
3/3/2025,13:30,0.777290909,3.79568,2.13749,182.12,0.437765,293.129,19.979,101827,0.24596,39.7539,5.67E-03,458.229,454.065,1.20606
3/3/2025,14:00,-0.827120455,6.06289,2.01639,182.695,0.427866,293.224,20.074,101822,0.392875,39.9657,5.74E-03,468.299,463.995,1.20555
3/3/2025,15:30,0.974379545,3.4543,2.0446,176.818,0.441356,294.084,20.934,101776,0.223839,38.1596,5.78E-03,467.899,463.568,1.20146
3/3/2025,16:00,-0.837761364,2.2876,1.84549,160.767,0.410968,294.399,21.249,101763,0.148236,37.3657,5.77E-03,453.593,449.401,1.20003
3/3/2025,16:30,0.287775,1.85357,2.03461,174.021,0.435912,294.301,21.151,101758,0.120111,37.6939,5.79E-03,453.066,448.867,1.20035
3/3/2025,17:00,0.07838,3.69416,2.30621,183.371,0.497847,293.803,20.653,101746,0.239382,39.6523,5.90E-03,454.653,450.354,1.20216
3/3/2025,17:30,1.280261364,8.02133,2.00476,171.568,0.463048,293.728,20.578,101736,0.519782,39.8119,5.90E-03,454.073,449.781,1.20235
3/3/2025,18:00,0.111885909,5.16739,2.22,183.705,0.477165,293.288,20.138,101757,0.334847,41.433,5.98E-03,450.317,446.007,1.20435
3/3/2025,18:30,-0.154840909,5.02881,2.23228,185.85,0.44984,292.654,19.504,101767,0.325867,43.0125,5.96E-03,455.59,451.239,1.2071
3/3/2025,19:00,0.440411364,3.95979,1.79218,175.519,0.413827,292.257,19.107,101767,0.256595,44.11,5.97E-03,451.792,447.475,1.20873
3/3/2025,19:30,-0.126933182,2.50756,1.70586,173.994,0.411114,291.52,18.37,101785,0.16249,46.3142,5.98E-03,449.956,445.645,1.21199
3/3/2025,20:00,0.242909091,5.45798,1.46313,173.302,0.349529,290.673,17.523,101819,0.353677,49.9681,6.12E-03,450.915,446.497,1.21582
3/3/2025,20:30,0.57675,4.1679,1.27986,168.904,0.360987,290.007,16.857,101850,0.27008,53.072,6.23E-03,450.54,446.047,1.2189
3/3/2025,21:00,0.302395455,2.69715,0.84231,178.075,0.238203,289.622,16.472,101885,0.174776,54.0619,6.19E-03,446.981,442.551,1.22097
3/3/2025,21:30,1.014675,-3.62E-02,0.659366,166.225,0.17819,289.339,16.189,101915,-2.34E-03,55.8314,6.28E-03,448.695,444.187,1.22246
3/3/2025,22:00,-0.160999318,1.21028,0.75833,160.847,0.201433,289.162,16.012,101928,7.84E-02,55.1385,6.13E-03,437.734,433.439,1.22348
3/3/2025,22:30,0.417152273,0.376896,0.870995,149.334,0.217951,288.912,15.762,101922,2.44E-02,55.4813,6.07E-03,447.384,443.037,1.2245
3/3/2025,23:00,0.675470455,1.28271,0.689063,143.358,0.150607,288.413,15.263,101920,8.31E-02,56.1726,5.95E-03,459.08,454.706,1.2267
3/3/2025,23:30,-0.133695682,0.25336,0.572899,130.123,0.106183,287.954,14.804,101895,1.64E-02,56.4962,5.81E-03,458.528,454.261,1.22845
4/3/2025,0:00,0.142632955,0.82266,0.379043,136.974,8.18E-02,287.743,14.593,101883,5.33E-02,56.9556,5.78E-03,463.466,459.176,1.22922
4/3/2025,0:30,0.342818182,1.17002,0.555805,136.327,0.120665,287.511,14.361,101871,7.58E-02,57.1242,5.71E-03,466.494,462.228,1.23012
4/3/2025,1:00,-0.610968182,1.00174,0.651772,133.668,0.111118,287.145,13.995,101830,6.49E-02,57.5568,5.62E-03,470.302,466.068,1.23126
4/3/2025,1:30,-0.400597727,0.959204,0.652679,117.523,0.113648,286.864,13.714,101792,6.22E-02,57.8956,5.55E-03,471.104,466.914,1.23206
4/3/2025,2:00,0.159887955,-8.96E-02,0.586895,130.273,0.113073,286.555,13.405,101756,-5.80E-03,59.2241,5.57E-03,470.313,466.117,1.23294
4/3/2025,2:30,0.148359773,-0.642969,0.740396,150.066,0.177287,286.297,13.147,101715,-4.17E-02,60.9037,5.63E-03,466.028,461.823,1.23351
4/3/2025,3:00,-0.274904545,-0.140391,0.635111,146.73,0.166116,286.116,12.966,101681,-9.10E-03,62.2302,5.69E-03,464.867,460.63,1.23383
4/3/2025,3:30,-0.291625,2.39342,0.562683,148.875,0.141958,285.712,12.562,101664,0.155094,63.2744,5.64E-03,465.829,461.623,1.23541
4/3/2025,4:30,0.393240909,0.349859,0.515965,107.579,0.120365,284.873,11.723,101611,2.27E-02,66.5921,5.62E-03,464.617,460.437,1.23842
4/3/2025,6:00,0.163541818,1.6631,0.525883,20.5386,7.83E-02,284.411,11.261,101626,0.107769,68.9809,5.64E-03,476.994,472.684,1.24059
4/3/2025,6:30,0.149105227,0.111261,0.619947,34.9188,6.25E-02,283.771,10.621,101644,7.21E-03,71.3249,5.59E-03,485.06,480.717,1.24365
4/3/2025,7:30,-0.207718636,1.70051,0.714193,15.1905,4.91E-02,283.342,10.192,101703,0.110193,70.9267,5.40E-03,488.683,484.458,1.2464
4/3/2025,9:00,-0.352429545,0.293657,0.894449,31.5034,7.37E-02,288.203,15.053,101774,1.90E-02,57.1704,5.98E-03,479.616,475.02,1.22579
4/3/2025,10:30,-0.540781818,1.65533,1.20109,29.5244,9.77E-02,291.647,18.497,101791,0.107265,47.076,6.13E-03,461.938,457.404,1.21141
4/3/2025,11:00,-0.428052273,8.08E-02,0.313142,143.193,0.181178,292.764,19.614,101781,5.24E-03,42.68,5.96E-03,466.161,461.713,1.2068
4/3/2025,12:30,-1.313997727,-0.466967,0.608171,120.087,0.265236,297.204,24.054,101693,-3.03E-02,32.5389,5.96E-03,479.325,474.748,1.18774
4/3/2025,13:00,0.603002273,2.09385,0.752049,18.2545,0.187189,298.333,25.183,101647,0.135681,31.1517,6.11E-03,480.866,476.162,1.18261
4/3/2025,13:30,-1.041318182,1.04387,0.87927,45.9499,0.250118,299.697,26.547,101587,6.76E-02,28.6588,6.10E-03,481.954,477.249,1.17654
4/3/2025,14:00,-0.968918182,1.3131,1.0122,19.6681,0.304196,300.873,27.723,101547,8.51E-02,26.3626,6.01E-03,488.449,483.747,1.17154
4/3/2025,17:00,0.943902273,2.61019,0.754169,9.05213,0.152452,304.597,31.447,101352,0.16914,20.0385,5.67E-03,477.166,472.832,1.15523
4/3/2025,17:30,-0.416009091,4.80083,1.5614,138.239,0.337515,304.909,31.759,101332,0.311094,20.0632,5.78E-03,466.249,461.933,1.15375
4/3/2025,18:00,-2.52625,3.17408,2.29352,120.445,0.350981,304.381,31.231,101330,0.205681,23.5095,6.58E-03,461.208,456.352,1.15517
4/3/2025,18:30,1.595827273,1.7544,2.55653,114.828,0.348613,303.821,30.671,101322,0.113685,24.3307,6.59E-03,463.666,458.773,1.1572
4/3/2025,19:00,1.756043182,-1.68187,2.207,109.026,0.322356,303.234,30.084,101321,-0.108985,25.6692,6.73E-03,457.484,452.558,1.15933
4/3/2025,19:30,-0.307672727,2.82694,2.21314,109.621,0.253577,302.054,28.904,101342,0.183186,28.7038,7.03E-03,455.797,450.67,1.16389
4/3/2025,20:00,0.578236364,5.43541,1.67101,97.7265,0.26019,300.807,27.657,101362,0.352215,32.6338,7.43E-03,452.989,447.603,1.16866
4/3/2025,20:30,-0.383011364,5.05586,1.3399,74.1628,0.23102,299.663,26.513,101383,0.32762,36.9866,7.88E-03,449.948,444.279,1.17305
5/3/2025,10:00,-0.695704545,4.05293,2.39132,355.47,0.28965,299.766,26.616,101571,0.26263,26.7836,5.72E-03,464.864,460.605,1.17635
5/3/2025,10:30,0.356497727,3.33975,2.10831,343.968,0.319293,300.231,27.081,101610,0.216416,26.2377,5.76E-03,458.743,454.513,1.17496
5/3/2025,11:00,-0.352531818,3.73598,2.67101,336.882,0.291066,300.625,27.475,101610,0.242092,26.1115,5.86E-03,462.992,458.644,1.17334
5/3/2025,11:30,-0.862831818,-5.54E-02,2.50165,332.515,0.252588,301.466,28.316,101587,-3.59E-03,25.4951,6.01E-03,471.642,467.099,1.1697
5/3/2025,12:00,0.523563636,4.01034,2.76586,331.464,0.343751,302.061,28.911,101567,0.25987,25.1221,6.14E-03,461.205,456.673,1.16708
5/3/2025,12:30,-0.607431818,4.31212,2.45828,338.327,0.33245,302.83,29.68,101531,0.279425,24.5754,6.28E-03,460.281,455.654,1.1636
5/3/2025,14:00,-0.3053,5.32105,1.17564,309.768,0.318254,305.082,31.932,101432,0.344804,21.1785,6.16E-03,467.507,462.897,1.15397
5/3/2025,14:30,0.708509091,3.75085,1.23179,252.27,0.228035,305.822,32.672,101413,0.243055,19.9562,6.05E-03,467.084,462.559,1.15103
5/3/2025,15:00,-0.713777273,3.35756,0.758807,211.494,0.313173,305.751,32.601,101378,0.21757,19.8177,5.99E-03,473.034,468.5,1.15095
5/3/2025,15:30,-0.225422045,4.78185,1.43624,202.296,0.234537,306.328,33.178,101348,0.309864,18.57,5.79E-03,479.075,474.629,1.14858
5/3/2025,16:00,0.417620455,7.01224,2.31643,183.45,0.487931,305.145,31.995,101357,0.454393,25.5418,7.46E-03,473.445,467.791,1.15196
5/3/2025,16:30,-2.546613636,5.08303,2.27935,162.485,0.539814,302.172,29.022,101412,0.32938,33.9792,8.38E-03,464.651,458.427,1.16329
5/3/2025,17:00,-1.545627273,5.66358,2.53411,151.621,0.554267,300.942,27.792,101452,0.367,34.3159,7.87E-03,457.6,451.838,1.16886
5/3/2025,17:30,1.977111364,6.90687,2.6857,150.542,0.633061,299.97,26.82,101495,0.447565,34.7602,7.53E-03,460.153,454.611,1.17339
5/3/2025,18:30,-0.443554545,-1.11027,1.54711,170.793,0.348241,297.923,24.773,101567,-7.19E-02,47.6533,9.14E-03,457.005,450.325,1.18114
5/3/2025,19:00,0.284827273,-0.721704,1.48277,170.61,0.333479,297.373,24.223,101583,-4.68E-02,50.9188,9.45E-03,458.187,451.264,1.18328
5/3/2025,19:30,0.638702273,0.290041,1.43528,173.33,0.302136,296.736,23.586,101597,1.88E-02,52.1193,9.31E-03,454.293,447.532,1.18609
5/3/2025,20:00,0.471697727,1.88608,0.728073,172.884,0.178594,296.172,23.022,101625,0.122218,52.4653,9.06E-03,450.571,444.049,1.18886
5/3/2025,20:30,0.228465909,-1.01814,0.889504,223.166,0.11102,295.545,22.395,101662,-6.60E-02,55.9579,9.30E-03,456.433,449.651,1.19165
5/3/2025,21:00,-0.057167955,2.21478,0.973796,225.287,0.132535,294.863,21.713,101690,0.143518,60.0546,9.57E-03,458.919,451.901,1.19453
5/3/2025,21:30,0.351225,2.32669,0.914915,246.402,0.168948,294.22,21.07,101739,0.15077,65.2108,9.99E-03,458.139,450.828,1.19741
5/3/2025,22:00,0.609009091,3.97821,1.19509,240.029,0.179509,293.523,20.373,101774,0.257788,69.8489,1.02E-02,458.562,451.056,1.20049
5/3/2025,22:30,0.398486364,-0.573983,1.12106,247.666,0.162149,293.105,19.955,101807,-3.72E-02,70.1936,1.00E-02,451.391,444.158,1.20274
5/3/2025,23:00,-0.298611364,-1.05961,1.18718,246.382,0.199315,292.842,19.692,101820,-6.87E-02,69.8928,9.82E-03,453.482,446.364,1.20413
6/3/2025,0:00,0.830411364,2.14493,1.14917,193.646,0.246746,292.865,19.715,101847,0.138991,67.206,9.45E-03,449.051,442.266,1.20462
6/3/2025,0:30,0.126926591,-1.14581,1.37577,199.888,0.273614,292.532,19.382,101848,-7.42E-02,68.0062,9.37E-03,454.26,447.458,1.20607
6/3/2025,1:00,-0.752763636,-0.987173,0.932713,202.643,0.21171,292.411,19.261,101853,-6.40E-02,68.0009,9.30E-03,456.58,449.794,1.20668
6/3/2025,1:30,0.181596364,0.422971,0.87865,203.172,0.179634,292.451,19.301,101859,2.74E-02,67.3343,9.23E-03,461.318,454.512,1.20663
6/3/2025,2:00,0.322343182,1.11007,1.15163,207.225,0.180319,292.424,19.274,101865,7.19E-02,67.8103,9.28E-03,458.713,451.91,1.20678
6/3/2025,2:30,0.23935,2.81575,1.51025,201.135,0.288418,292.533,19.383,101856,0.182461,66.6077,9.18E-03,451.058,444.442,1.20629
6/3/2025,3:00,0.808986364,1.2613,1.44395,194.859,0.308892,292.35,19.2,101860,8.17E-02,65.7917,8.96E-03,449.258,442.823,1.20725
6/3/2025,4:00,-0.861256818,0.955845,1.25938,193.589,0.30011,291.8,18.65,101854,6.19E-02,65.5348,8.62E-03,443.361,437.249,1.20971
6/3/2025,4:30,-0.841856818,3.27921,1.26676,198.24,0.272506,291.67,18.52,101864,0.212493,68.9511,9.00E-03,437.352,431.06,1.21009
6/3/2025,5:00,-0.256565909,-9.47E-02,1.19643,204.671,0.197095,291.549,18.399,101870,-6.14E-03,68.1474,8.83E-03,439.174,432.977,1.21079
6/3/2025,6:00,0.243706818,0.316853,0.930238,226.827,0.121524,291.353,18.203,101874,2.05E-02,69.5003,8.89E-03,448.599,442.223,1.21161
6/3/2025,6:30,0.071186364,-1.31836,0.791608,224.77,0.100221,291.25,18.1,101885,-8.54E-02,70.3335,8.94E-03,451.341,444.891,1.21213
6/3/2025,7:00,-0.168530909,0.773335,0.68869,228.51,9.56E-02,291.262,18.112,101906,5.01E-02,70.9341,9.02E-03,448.862,442.389,1.21226
6/3/2025,8:00,-0.249447727,1.37733,0.788407,212.862,0.126493,291.285,18.135,101950,8.93E-02,71.2935,9.08E-03,446.189,439.716,1.21266
6/3/2025,10:00,-0.235352273,1.61433,0.732972,206.368,0.122996,292.393,19.243,102020,0.104609,66.9147,9.12E-03,440.513,434.088,1.20885
6/3/2025,10:30,-0.459781818,0.93995,0.568835,180.397,0.126435,292.723,19.573,102033,6.09E-02,65.788,9.16E-03,447.241,440.696,1.20762
6/3/2025,11:30,0.775654545,0.749665,0.812062,198.278,0.158593,293.07,19.92,102031,4.86E-02,64.9551,9.24E-03,442.247,435.718,1.20611
6/3/2025,12:00,-0.253652273,0.387929,0.878294,205.591,0.192991,293.455,20.305,102009,2.51E-02,62.9194,9.16E-03,441.238,434.774,1.20432
6/3/2025,13:00,0.376847727,2.37367,0.738973,171.568,0.177147,294.625,21.475,101946,0.153814,57.1274,8.95E-03,444.068,437.717,1.19896
6/3/2025,13:30,-0.545913636,3.74776,0.801097,137.492,0.18973,295.725,22.575,101917,0.242855,51.8183,8.68E-03,444.577,438.408,1.19436
6/3/2025,14:30,-0.592656818,2.5156,1.01601,156.307,0.290256,297.596,24.446,101858,0.163011,45.2962,8.50E-03,447.603,441.522,1.18628
6/3/2025,15:30,-0.865488636,1.27475,1.44914,182.355,0.338679,298.152,25.002,101770,8.26E-02,46.2469,8.98E-03,455.905,449.362,1.18271
6/3/2025,16:00,-0.304829545,-0.34269,1.4343,188.759,0.296396,298.065,24.915,101731,-2.22E-02,49.2313,9.51E-03,454.717,447.804,1.18221
6/3/2025,16:30,-0.202848864,6.93167,1.09192,170.17,0.219443,298.966,25.816,101686,0.449172,44.1601,9.00E-03,454.448,447.906,1.17849
6/3/2025,17:00,0.484459091,2.82182,1.30191,168.472,0.280509,299.399,26.249,101665,0.182854,44.1396,9.24E-03,447.693,441.084,1.17638
6/3/2025,17:30,1.115238636,3.81368,1.09997,181.895,0.273651,299.217,26.067,101654,0.247127,46.2057,9.57E-03,448.575,441.716,1.17673
6/3/2025,18:00,-0.488156818,0.566433,1.27387,183.531,0.27364,299.546,26.396,101640,3.67E-02,45.1282,9.53E-03,446.614,439.812,1.17531
6/3/2025,19:00,0.647863636,2.41753,1.69121,147.501,0.338184,299.743,26.593,101626,0.156656,42.0819,8.99E-03,450.828,444.35,1.17476
6/3/2025,19:30,-1.276020455,2.17118,2.03039,146.47,0.397949,298.996,25.846,101642,0.140692,42.5723,8.70E-03,455.114,448.785,1.17808
6/3/2025,20:00,0.663890909,1.60946,2.13371,136.873,0.351516,298.012,24.862,101659,0.104293,44.3147,8.54E-03,447.841,441.727,1.18229
6/3/2025,20:30,0.318988636,-1.75115,1.7787,135.341,0.273559,297.232,24.082,101671,-0.113474,47.484,8.73E-03,440.856,434.701,1.18538
6/3/2025,21:00,1.062638636,4.46461,2.56853,118.856,0.342957,296.675,23.525,101704,0.289307,47.3974,8.42E-03,447.512,441.484,1.18822
6/3/2025,21:30,0.171503409,-2.63942,1.8393,128.619,0.246433,295.6,22.45,101732,-0.171035,50.7213,8.44E-03,449.759,443.686,1.19286
6/3/2025,22:00,0.027521136,2.70627,1.76473,135.464,0.309152,294.496,21.346,101780,0.175366,57.8637,9.00E-03,444.235,437.84,1.19748
6/3/2025,22:30,0.488909091,-4.15196,1.81186,136.171,0.298213,293.931,20.781,101802,-0.269047,61.6828,9.27E-03,441.196,434.658,1.19985
6/3/2025,23:30,-1.080059091,-0.928775,1.87908,129.26,0.282853,293.429,20.279,101806,-6.02E-02,64.582,9.41E-03,448.574,441.827,1.20185
7/3/2025,0:00,-1.108395455,1.56497,1.61321,141.02,0.311023,293.181,20.031,101793,0.10141,64.7506,9.29E-03,451.86,445.148,1.2028
7/3/2025,0:30,0.172170455,-0.687556,1.93401,136.319,0.31721,293.115,19.965,101788,-4.46E-02,64.1727,9.17E-03,451.088,444.474,1.2031
7/3/2025,1:00,-0.457056818,0.434854,1.85137,133.108,0.300378,292.897,19.747,101756,2.82E-02,64.8319,9.15E-03,447.897,441.35,1.20364
7/3/2025,1:30,-0.560243182,0.652388,1.8407,143.234,0.329726,292.675,19.525,101754,4.23E-02,66.1337,9.20E-03,442.787,436.274,1.20448
7/3/2025,2:00,-0.752372727,2.9831,1.79416,139.593,0.338187,292.426,19.276,101733,0.193305,67.2603,9.22E-03,445.578,439.014,1.20524
7/3/2025,2:30,0.452081818,1.65441,1.40128,143.38,0.289589,292.228,19.078,101735,0.107206,68.8488,9.32E-03,445.353,438.72,1.20602
7/3/2025,3:00,1.22625,0.349922,1.41975,142.827,0.274726,292.094,18.944,101734,2.27E-02,68.3797,9.18E-03,447.724,441.156,1.20666
7/3/2025,3:30,0.489313636,2.16744,1.48821,144.268,0.28418,291.973,18.823,101745,0.14045,67.2671,8.96E-03,451.054,444.594,1.20746
7/3/2025,4:00,0.175626591,0.42357,1.92949,131.778,0.289269,291.9,18.75,101737,2.74E-02,65.9566,8.74E-03,457.251,450.859,1.20781
7/3/2025,5:30,0.477843182,-0.883316,0.714538,139.195,0.107123,291.11,17.96,101695,-5.72E-02,65.9044,8.32E-03,444.903,438.987,1.2109
7/3/2025,6:00,0.189083636,-4.99E-02,0.416142,105.162,5.40E-02,290.743,17.593,101713,-3.23E-03,68.6449,8.46E-03,440.477,434.516,1.21254
7/3/2025,8:30,-0.368722727,1.86544,0.960439,17.766,8.98E-02,289.962,16.812,101841,0.120881,70.2921,8.24E-03,461.082,455.009,1.2175
7/3/2025,9:00,-0.307093182,1.03501,0.563443,50.9951,8.20E-02,292.167,19.017,101849,6.71E-02,64.0355,8.62E-03,448.579,442.396,1.20813
7/3/2025,9:30,-0.463306818,1.06628,0.425996,69.5778,0.141328,293.448,20.298,101865,6.91E-02,59.6522,8.69E-03,449.598,443.348,1.20299
7/3/2025,10:30,-0.139034773,0.336991,0.489313,330.51,9.62E-02,294.906,21.756,101882,2.18E-02,53.1657,8.47E-03,458.395,452.184,1.19741
7/3/2025,12:30,-0.721302273,3.51981,0.805471,241.315,0.171124,298.213,25.063,101819,0.228084,39.7256,7.73E-03,462.578,456.858,1.18393
7/3/2025,13:00,-0.625711364,1.00581,0.132836,129.151,0.496203,299.044,25.894,101769,6.52E-02,36.468,7.46E-03,462.486,456.968,1.18025
7/3/2025,13:30,-0.746393182,2.28767,0.733738,208.521,0.208465,300.258,27.108,101728,0.148241,31.5127,6.92E-03,464.031,458.889,1.17539
7/3/2025,16:30,-0.178961136,6.19214,1.49374,162.42,0.312933,302.86,29.71,101497,0.40125,26.0917,6.68E-03,470.86,465.825,1.16281
7/3/2025,17:00,-0.58395,2.60914,1.30482,147.482,0.241448,303.145,29.995,101483,0.169072,23.8694,6.21E-03,471.234,466.547,1.16189
7/3/2025,18:00,-0.267288636,2.4576,1.73343,135.745,0.296105,303.218,30.068,101480,0.159253,22.083,5.77E-03,476.704,472.298,1.16188
7/3/2025,18:30,0.201179091,2.84638,1.89484,128.735,0.29308,302.908,29.758,101482,0.184445,22.2149,5.70E-03,470.98,466.679,1.16314
7/3/2025,19:00,0.884679545,4.14463,2.1585,121.186,0.266612,302.259,29.109,101482,0.268572,23.6437,5.85E-03,468.015,463.633,1.16554
7/3/2025,19:30,-0.414972727,2.09179,2.34465,119.449,0.276036,300.82,27.67,101500,0.135548,29.5448,6.72E-03,461.95,456.98,1.1707
7/3/2025,20:00,-0.553340909,4.36334,2.08689,124.551,0.280614,299.187,26.037,101521,0.282744,35.1773,7.27E-03,455.544,450.244,1.17695
7/3/2025,20:30,0.146564545,-0.534466,1.9984,124.119,0.257897,297.609,24.459,101551,-3.46E-02,42.0954,7.92E-03,450.677,444.965,1.18307
7/3/2025,21:00,0.398995455,0.711173,2.03166,122.339,0.290285,296.42,23.27,101586,4.61E-02,46.145,8.08E-03,449.969,444.151,1.1881
7/3/2025,21:30,-1.117918182,0.482006,2.36298,116.964,0.3248,295.277,22.127,101619,3.12E-02,51.061,8.34E-03,440.758,434.876,1.1929
7/3/2025,22:00,-0.119486364,1.06245,1.87861,127.705,0.218982,294.504,21.354,101634,6.88E-02,54.9739,8.57E-03,441.748,435.695,1.19604
7/3/2025,22:30,-0.565627273,0.745749,1.48903,144.318,0.287891,293.789,20.639,101633,4.83E-02,57.9981,8.65E-03,444.623,438.472,1.19889
7/3/2025,23:00,0.281886364,2.02237,1.16513,142.237,0.21831,293.26,20.11,101625,0.13105,59.6936,8.62E-03,447.119,440.956,1.20098
7/3/2025,23:30,-0.0789175,0.906549,1.20135,128.076,0.169621,292.758,19.608,101622,5.87E-02,61.3328,8.59E-03,438.837,432.812,1.20303
8/3/2025,0:30,0.263534091,0.578481,0.283617,123.417,4.27E-02,291.529,18.379,101606,3.75E-02,64.2887,8.33E-03,452.19,446.162,1.20809
8/3/2025,2:00,-0.075364091,-0.218343,0.123142,138.31,2.45E-02,288.348,15.198,101567,-1.41E-02,73.7257,7.81E-03,485.115,479.053,1.22133
8/3/2025,2:30,-0.105718409,0.645071,0.417327,49.6663,5.54E-02,287.835,14.685,101570,4.18E-02,74.0822,7.59E-03,496.562,490.53,1.22371
8/3/2025,4:00,0.200406136,-5.70E-02,0.462407,41.3254,5.18E-02,286.755,13.605,101557,-3.69E-03,71.8853,6.87E-03,511.508,505.886,1.2287
8/3/2025,5:30,0.077746818,0.901922,0.205446,18.8661,7.51E-02,286.918,13.768,101555,5.84E-02,71.7919,6.93E-03,488.94,483.515,1.22794
8/3/2025,6:30,-0.186391818,1.42968,0.271273,6.36614,5.42E-02,286.314,13.164,101591,9.26E-02,71.2408,6.61E-03,502.254,496.94,1.2312
8/3/2025,8:30,0.374643182,0.342941,0.348241,64.8764,5.72E-02,288.802,15.652,101696,2.22E-02,64.5396,7.03E-03,501.777,496.133,1.22155